{"cameraMode":{"drawMode":0,"name":"Shaded","section":"Shading Mode"},"sceneLighting":false,"audioPlay":false,"sceneViewState":{"showFog":false,"showMaterialUpdate":false,"showSkybox":false,"showFlares":false,"showImageEffects":false,"showParticleSystems":false},"in2DMode":false,"pivot":{"x":0.06893745064735413,"y":0.13045528531074525,"z":-0.04369509965181351},"rotation":{"x":0.00038673257222399116,"y":0.9979028105735779,"z":-0.064454086124897,"w":0.005987480282783508},"size":0.3194616734981537,"orthographic":true}