{"cameraMode":{"drawMode":0,"name":"Shaded","section":"Shading Mode"},"sceneLighting":false,"audioPlay":false,"sceneViewState":{"showFog":false,"showMaterialUpdate":false,"showSkybox":false,"showFlares":false,"showImageEffects":false,"showParticleSystems":false},"in2DMode":false,"pivot":{"x":9.565070152282715,"y":1.3670333623886109,"z":29.57862091064453},"rotation":{"x":-0.08086643368005753,"y":0.033476363867521289,"z":-0.0027129556983709337,"w":-0.9961686730384827},"size":3.2978105545043947,"orthographic":false}