{"cameraMode":{"drawMode":0,"name":"Shaded","section":"Shading Mode"},"sceneLighting":false,"audioPlay":false,"sceneViewState":{"showFog":false,"showMaterialUpdate":false,"showSkybox":false,"showFlares":false,"showImageEffects":false,"showParticleSystems":false},"in2DMode":false,"pivot":{"x":7.519999980926514,"y":1.3670333623886109,"z":28.73664093017578},"rotation":{"x":0.00433137733489275,"y":0.271063894033432,"z":-0.0012198821641504765,"w":0.9625536799430847},"size":1.3436055183410645,"orthographic":false}