{"cameraMode":{"drawMode":0,"name":"Shaded","section":"Shading Mode"},"sceneLighting":false,"audioPlay":false,"sceneViewState":{"showFog":false,"showMaterialUpdate":false,"showSkybox":false,"showFlares":false,"showImageEffects":false,"showParticleSystems":false},"in2DMode":false,"pivot":{"x":-5.515371799468994,"y":1.4546865224838257,"z":22.07019805908203},"rotation":{"x":0.08389979600906372,"y":0.0059787677600979809,"z":-0.0005034785135649145,"w":0.9964582324028015},"size":1.4841899871826172,"orthographic":false}